,Album,Title,Lyrics,Language
0,Into Gay Pride Ride,16. Karkagnor's Song - In The Forest,"
Out in the forest, on the grass I lay
Reading a volume I bought on eBay
The pages are dusty, yellow and old
Mystical secrets I'm starting to unfold

Warmth, wisdom, gaudium and bliss
A trickle of glory springs like the dog piss
Shower of gold, non sparkling beverage
The low rate of carbohydrates makes me bold...

Aaahhh Aaahhh Aaahhh
Delizia, primizia, malizia
Peperlizia, egizia, immondizia
Aaahhh Aaahhh Aaahhh
Patrizia, sevizia, letizia
Giudizia, Yakuzia, Pomezia

Page after page, line after line
Delicious taste, excrement of a swine
Darky and brown, creamy consistence
Enters my mouth, I oppose no resistance

Oh Oh Oh
Gentile, robusto e fruttato
Prelibato e gustoso al palato
Oh Oh Oh
Caramella, fruittella, Graziella
Mozzarella, nutella, Scaramella

Blessed be, Karkagnor, with no other term
Who forged yummy dishes, but flavoured like sperm
Blessed be, Karkagnor, the almighty cook
It makes my mouth water, the sight of his book

But now, what I see? Cholesterol, lipids in me!
Monosaccharides, polysaccharides,
I'm still longing for thee!
Proteinic support is now starting to flee - this is hell!
",en
1,Into Gay Pride Ride,15. Karkagnor's Song - The Hobbit,"

",unknown
2,Into Gay Pride Ride,14. RAP-sody,"
I crossed the valleys the dust of midlands
to search for the third key to open the gates
Now I'm near the altar the secret inside
as legend told my beloved sun light the dragon's eyes

On the way to the glory I'll honor my sword
to serve right ideals and justice for all

For the king for the land for the mountains
for the green valleys where dragons fly
for the glory the power to win the black lord
I will search for the emerald sword

Only a warrior with a clear heart
could have the honour to be kissed by the sun
Yes I am that warrior I followed my way
Led by the force of cosmic souls I can reach the sword

In a long bloody battle that prophecies told
the light will prevail hence wisdom is gold

For the king for the land for the mountains
for the green valleys where dragons fly
for the glory the power to win the black lord
I will search for the emerald sword

",en
3,Into Gay Pride Ride,13. Lamento Erotico,"
Langue in me, l'audace desio
Di soggiacer nelle regali stanze
Per donar, colà l'augello mio
A colei che fa vivaci danze

Le movenze sue, seppur sì caste
Svegliaron in me l'antico ardore
Che in lunghe notti pederaste
Celai dentro di me con gran dolore

[Bridge:]
Vi canto amici miei, un'epica pornografia
Dello signore mio e della sua compagnia

[Chorus:]
Non vuol piu esser pederasta, e così sia!

Giovani rampolli mai mancarono
Per estati e inverni, giorni e notti
Il talamo mio ei visitarono
Per gioir di flompini e sdrufolotti

Tal imprese oramai son di passati
E li guardo ancor con gran disdegno
Troppi in me si son avventurati
Lo retro mio è carne mica legno!

[Bridge:]
Vi canto amici miei, un'epica pornografia
Dello signore mio e della sua compagnia

[Chorus:]
Gli amanti l'han consumato, ma ha preso un'altra via

Guardo la mia amata e le sorrido
Porgendo la mia man da cavaliere
Con un gemito risponde, forse un grido
E la lecca, con sommo mio piacere

La distendo sul mio letto, l'accarezzo
Contropelo, senza fretta
Slaccio il collar suo, un gran bel pezzo
Che gioia far l'amor con la cagnetta!

[Bridge:]
Vi canto amici miei, un'epica pornografia
Dello signore mio e della sua compagnia

[Chorus:]
L'amor suo è sbocciato, si da alla zoofilia!

",it
4,Into Gay Pride Ride,12. 1 vs 100,"

",unknown
5,Into Gay Pride Ride,11. Look At Two Reels,"
Sit down all you little children
Listen well to me
I'll tell of Blind Guardian
Dragonforce and Rhapsody

To listen to their songs
You need to know a lot of things
And read at least seventy times
The ""Lord Of The Rings""

This maybe sounds too long
For you child to be done
But don't be afraid my little children
Go and take your helm

No, this won't sound too long
Pay attention now my son
'Cos Nanowar will drive you across
The whole enchanted realm

Let's talk about the elf
Where does he live? Where does he live?
He lives inside the green of
Luca Tour Hill Luca Tour Hill

He mows the enchanted lawn
Drying his hair with the phon
Singing all day long
His homosexual elvish song:

[Bridge:]
""I've got it very long
I've got it very strong
I'm going to stick my dick
Between Looca Tour Illy's cheeks""

He stuck inside his bed
To do what can't be told
But we can sing together
The homosexual elvish call

[Chorus:]
HAIL! Elf! Elf! Elf!

And what about the Dwarf
Where does he live? Where does he live?
He dwells inside the bath of
Lou-Ka Tu-Ril, Lou-Ka Tu-Ril!

He cuts the enchanted wood
And the dick of Robin Hood
Singing very rude
In a bald and dwarfish mood:

[Bridge:]
""I've got it very long
I've got it very strong
I'm going to smash my mace
Into Luka Turillee's face""

He went behind his back
And pointed at his neck
What happened you may guess
It's time to sing our song at last

[Chorus:]
HAIL! Dwarf! Dwarf! Dwarf!

It's time to call the Orc
Where does he live? Where does he live?
He lives inside the sock
Of Luca Tureell, Luca Tureell

A mage with a great spell
Tried to stop his haunting smell
No Orc, as you would tell
It's Tour-hill who's dirt like hell

[Bridge:]
""I've got it very long
I've got it very strong
I'm going to use my bats
To squash Looma Tupilli's guts""

He waited in his room
For Numa Pompili's doom
He'll wish not to be born
At the sound of Orcish Horn!!

[Chorus:]
HAIL! Orc! Orc! Orc!

",en
6,Into Gay Pride Ride,10. The Forest Of Magniaccons,"
Ma che ce frega
Ma che ce 'mporta
Se l'oste ar vino c'ha messo l'acqua
E noi je dimo, e noi je famo
C'hai messo l'acqua e nun te pagamo
Ma però

Noi semo quelli
Che j'arisponnemo in coro
E' mejo er vino, de li castelli
De questa zozza società

Ce piaciono li polli
L'abbacchio e le galline
Perché so senza spine e nun so come er baccalà

La società dei magnaccioni
La società della gioventù
A noi ce piace, de magnà e beve
E nun ce piace da lavorà

Oste...
Portace n'artro litro
Che noi se lo bevemo
E poi j'arisponnemo
Embè? Embè? Che c'è?

E quanno er vino 'mbè
C'ariva ar gozzo 'mbè
Ar gargarozzo 'mbè
Je fa 'n ficozzo 'mè
Pe' falla corta, pe' falla breve
Mio caro oste portace da beve!

",it
7,Into Gay Pride Ride,9. Surprise Love,"
Surprise love, the first day that I found you
I knew you had something more than other girls

Surprise love, there's a hole inside of me
And you filled it up with such a special gift

Surprise love, there's a strong feeling between us
I can sense it pushing hard through my body

Surprise love, I still feel your warm embrace
If I turn around and leave you right behind me

[Chorus:]
You know that love is a big deal
And leaves inside wounds that you can't heal
Think about love, forget the rest
And nevermind those black hairs on her breast.
And never fear huge bulge emerging, right under her belt...
'Cause it's Surprise Love!

Surprise love, everyday you let me see
A side of you I've never seen before

Surprise love, everytime you come to me
You enter in my home from the backdoor

Surprise love, I'm the king and you're my queen
But the scepter's in your hand and not in mine

Surprise load, is what I found between your legs
A bald chicken, a black nest, with two big eggs...

[Chorus:]
You know that love is a big deal
And leaves inside wounds that you can't heal
Think about love, forget the rest
And nevermind those black hairs on her breast
And nevermind the chicken in his nest
And never fear huge bulge emerging, right under her belt...
'Cause it's Surprise Love!

[Intermezzo:]
A missile's gonna strike you
A torpedo's comin' near to sink you down

An arrow embedded in your heart
And a big flesh rod implanted in your ass...
So don't be afraid!

Surprise load, is what I found between your legs
A bald chicken, a black nest, with two big eggs...

[Chorus:]
You know a car needs gasoline
And in the same way love needs vaseline
Think about love, forget the rest
And nevermind those black hairs on her breast
And nevermind the chicken in his nest
And never fear huge bulge emerging, right under her belt...
'Cause it's Surprise Love!

",en
8,Into Gay Pride Ride,8. Radio Grafia #2,"

",unknown
9,Into Gay Pride Ride,7. Odino & Valhalla,,unknown
10,Into Gay Pride Ride,6. DJ Fernanduzzo,,unknown
11,Into Gay Pride Ride,5. Blood Of The Queens,,unknown
12,Into Gay Pride Ride,4. The Nanowarrior's Prayer,,unknown
13,Into Gay Pride Ride,3. Stormlord Of Power,,unknown
14,Into Gay Pride Ride,2. Nanowar,,unknown
15,Into Gay Pride Ride,1. Metropolis Pt 3 - The Legacy,,unknown
16,A Knight At The Opera,17. Хуйзбекистан,"
Самая лучшая из всех стран —
это, я думаю, Хуйзбекистан,
Где граждане специальные
и гомосексуальные.
Очень сильно им нравятся
сосиска и яйца.

Там полно больших мясных деревьев.
за вкусный обед всех геев.
Когда в метро проезжал,
шофёр поезда кричал:
«Следующая станция —
точно, где твоя жопа!»

В Хуйзбекистан заезжай,
странное дерево наблюдай.
Скажешь, «Мягкий,» тебе скажу нет.
его трёшь, а он твёрдым будет!

Там живет много голубых людей,
которые педерасты или геи.
Если у вас друга нет,
очень скоро будет.
Он приедет и скажет:
«Кушай этот хуйгурец.»

Каждый день должен устно
сосать хуй. Это вкусно!
Не будь как хулиган.
посети Хуйзбекистан!

Submits, comments, corrections are welcomed at webmaster@darklyrics.com
NANOWAR OF STEEL LYRICS
]",ru
17,A Knight At The Opera,16. Kitograd,"
Aj dođi ovamo u oblast crnogradsku
poseti mesto gde poraste racku
Dođi nije daleko,
probaj točeno mleko
Proizvedeno od čamuga
s afričkoga juga!

Kad god neko spomene Breda Pita
kod svakoga podigne se kita
Tu je salon frizerski
za ovaj narod pederski
U kafani vlada zakon
""dozvoljenog pušenja""

Dođite u Kitograd
da osetite kuraca smrad
Voliš kitu? Kažeš da ili ne,
ti svejedno dobićeš je!

Svaki stavlja kobaje u svoje rupe,
u oči uši usta pa čak i dupe
Nemoj da se iznenadiš,
ako pičku ne nađeš
Dobrodošao u društvo
ljubitelja krastavca (kurčeva)

Osećaj jeste odličan,
no ne baš romantičan
Ljubav nije ""Ti si mi u duši"",
nego ""Dođi pa ga puši!""

",hr
18,A Knight At The Opera,15. El Campo De Nabos,"
Al lado de Madrid y Alcorcón
hay un pueblo que se llama ""Maricón""
Ahí la gente en el ano, pone chorizo humano
y quien ama la nata, chupa ramos de mata

En éste pueblo ya no hay mujeres,
los hombres hacen todos los deberes
Y en el rio Manz-anal (1), hay un pez especial
bucea en el agujero, de tu lado trasero

En el campo de nabos
hay plantas largas así
Te parecen pequeñitas mas,
si las frotas creceran más!

Calientan todo el día en una olla
tortillas hechas con leche de polla
Hay en el restaurante, el cocinero gritante
""Comete ésta ración, dos huevos y un salchichón""

En la selva de vergas
hay arboles para chupar
Si los comes tienen buen sabor
si te doblas causan dolor!

Freddy tenía razón,
mejor ser maricón
No me follo una sueca,
mejor me voy a Chueca (2)!

",es
19,A Knight At The Opera,14. Schwanzwald,"
Damals neben Freiburg im Gaysgau
da gab´s ein kleines Dorf mit keiner Frau
Die Leute waren froh
mit einem Finger im Po
Sagten ""Hier ist keiner Böse,
denn gibt es keine Möse!""

Der Zug fuhr in der Nacht und ohne Bremsen,
der Motor er war voll mit tausend Schwänzen
Die Chaffeure Hinz und Kunz
hatten 'ne Nachricht für uns:
""Die nächste Haltestelle
ist gleich in eurem Arsch!""

Sei Willkommen im Schwanzwald
wo Bäume Bratwürste sind
Die sind schwanzig zentimeter hoch,
wenn du sie reibst dann wachsen sie noch

Die wilden Vogel singen immer noch
ja wenn sie niesten tief in deinem Loch
Und im Restaurant,
fängt die Party gleich an
""Wir müssen doch feiern,
iss mal Bratwurst mit Eiern""

Wir erforschen den Schwanzwald
wo Würstchen Bratschwänze sind
Und wenn Schwänze-Staffeln schreien ""Marsch!""
wird's gefährlich für deinen Arsch!

Westerwelle hat doch recht
Wowis Eier sind nicht schlecht
Ich reise nie mehr nach Spanien,
ich will nur nach Schwanzilwanien!

Wir huldigten dem Schwanzwald
wo Männer Stockschwule sind
Und aus ihren Schwänzen spritzt der Schnee,
wenn du dich bückst tun sie dir Weh

",de
20,A Knight At The Opera,13. True Metal Of Steel,"
Yeaaaaaah Nanowar!
Queens of Steel are back in town...

Come on you poser,
listen to the True Metal of Steel:
We're Nanowar of Steel,
We're here to kick
your fucking ass of steel
with the power of the metal
of the iron of the steel!

So give me your bubble butt of steel:
come on sing with us:

THIS IS THE TRUE METAL OF STEEL!

Only Heavy Metal!
(Hey! Hey!)

THIS IS THE TRUE METAL OF STEEL!

Yeeeeeaaaaaaaoooooaaaaaahhh!!!
Only with us!
Just the True Metal, listen:
""Wooh, yahoo, wooh, uuhhnjehnjeh...""

THIS IS THE TRUE METAL OF STEEL!

Only Heavy Metal!
(Hey! hey!)

THIS IS THE TRUE METAL OF STEEL!

Heavy Metal warriors
from all around the world
We're Nanowar of Steel
And we're not getting old...

We celebrate Ten Years
Of this gay metal ride
Fighting all the posers
With might, Onion and Pride!

Come on you metal brothers
raise your fuckin' hand
we'll bang your busty mothers
all across the land!!!

THIS IS THE TRUE METAL OF STEEL!

",en
21,A Knight At The Opera,12. Feudalesimo e libertà,"
Contra codesta epoca obscura,
Pronti a pugnar sine paura
Da aquisgrana scendiamo al galoppo
Marciando collo scudo et collo stocco

Taccian le zuffe elettorali
Al rogo vadan li tribunali
La nostra lex est l'imperatore
Homo de fide, et homo d'onore

Alla pugna! Alla pugna!
Contra lo feroce saladino
Alla gogna! Alla gogna!
Puniam lo satanasso saracino

Feudalesimo et libertà,
Nova epoca d'oro sara
Riempiam di cervogia i boccali,
Che lo volgo un sovrano riavrà

Feudalesimo e libertà
Siate lesti at iurar fedeltà
La vittoria est vicina, sodali
Ma la pugna giammai manchera

Si aboliscan li rimborsi elettorali
Si ripristino li dazi imperiali
Al lavoro si torni col destriero
Si tolga l imu sul primo maniero

Contro lo selvaggio inurbamento
Si proceda verso l'incastellamento
Si procacci l'energia dalli mulini
At laboro anche dame et bambini

Alla pugna! Alla pugna!
Si marci colli lanzichenecchi
Alla gogna Alla gogna!
Al rogo i tecnologici apparecchi!

Feudalesimo et libertà,
Nova epoca d'oro sara
Riempiam di cervogia i boccali,
Che lo volgo un sovrano riavrà

Uno die alla tua prole, anche tu potrai favellar
Le gesta dello imperatore, co 'ste siddolci parole
Lo amerai, et ringratierai, per averti dato l'onore
De laborar alla sua gleba, ogne die sedici ore!

Tempriamo l'acciaio, affiliamo le spade
Scacciam l'inemico da queste contrade
Calziam li gambali, selliam lo destriero
Vittoria est vicina davvero!

Lo kebbabbo non devi manducare
Lo saladino potresti finanziare
Tema lo villico la nostra sententia
Se t'acciuffam non est cumcidentia

Ius primae noctis, boia et corvee
Es la solution che fa per te
Lo feudalesimo est lo novo che avanza
Tremate perchè pugneremo ad oltranza

Alla pugna! Alla pugna!
Pugnate, pugnate et pugnate
Alla gogna! Alla gogna!
Gognate, gognate et gognate!

Feudalesimo et libertà,
Nova epoca d'oro sara
Riempiam di cervogia i boccali,
Che lo volgo un sovrano riavrà

Feudalesimo e libertà

",it
22,A Knight At The Opera,11. Il cacciatore della notte,"
Sfreccia solitario nei boschi dell'est
Errabondo, solo il vento la sua via può indicar

Attacca all'improvviso ed è micidiale
Il sguardo brilla nell'oscurità
Sfida l'intemperia e la corrente ascensionale
Della preda non ha nessuna pietà

Barbagianni barbagianni barbagianni barbagianni
Barbagianni barbagianni barbagianni barbagià
Barbagianni barbagianni barbagianni barbagianni
Barbagianni barbagianni
BARBAGIANNI!

Il suo grido risuona in aperta campagna
Da Barletta-Andria-Trani all'Emilia Romagna
Dal Laos al Paraguay alla Guyana olandese
Alle regioni amministrative speciali della Cina del sud

Più preciso di un arciere, più veloce di un lampo
Quando in picchiata cala giù
Per arvicole, rane ed insetti non c è più scampo
Ineffabile predatore sei tu

Barbagianni barbagianni barbagianni barbagià
Barbagianni barbagianni barbagianni barbagianni
Barbagianni barbagianni
BARBAGIANNI!

Vai uccello rapace!
Vai uccello vorace!
Ti nutri di roditori!
Falli tutti fuori!

Della famiglia dei titonidi tu sei l'erede
Il piumaggio luminoso splende in te
Il nome allocco comune la tua maestà non lede
nell'ordine degli strifigormi tu sei il Re

Barbagianni barbagianni barbagianni barbagià
Barbagianni barbagianni barbagianni barbagianni
Barbagianni barbagianni
BARBAGIANNI!

",it
23,A Knight At The Opera,10. The Number Of The Bitch,"
Forgive me, oh mum and dad
For the telecom sent the bill with wrath,
But i believed that the call was short
Let him who hasn't a girlfriend
Go and call the number of the bitch
Even if it is an expensive number, this number is 166 166 166

I was alone, I took the phone,
I needed time to think
the number I saw on tv
Who did I hear! can I believe
A pack of horny lesbians
howling back at me...

I always thought
I've always dreamed of magic whores
to come and perform sodomy
'Cos in my dream it's always there
One dirty slut who takes my dick
orgasming to despair

Night was black and I wanted to fuck
I've passed all night to see
Rocco's films on tv
In Netherlands the whores
are close at hand
But in Italy,
they're pretty hard to see

166 the number of the bitch
Hot chat line is going on tonight

You can go on , 'till the end of the road
You just have to be aware shemales
who hide out there...

In the night
cars lights are flashing bright
Bitch-hunting has begun
sexual work is done !

166 the numer of the bitch
30 euro the price for you and me

Pigs and gays
and everyone who says
"" I am too arrapate
to stop to masturbate""
Take the phone,
order some whores at home

They'll come to make it rise
and melt it down like ice

166 the number of the bitch
144 the number of the whore

To a sexy shop, I will return
And I will get more videos and hotter stuff of porn
I have the programs on pay TV
I have the hands to make libido take its course

",en
24,A Knight At The Opera,9. Power Of The Power Pt. 2 / Cила Силы Большего Меча (Potentia Magni Gladi Советам),"
La la la la la
La la la la la
La la la la la la la
La la la la la...
Potentia Magni Gladi Covetam!!!

Союз нерушимый республик свободных
Россия - любимая наша страна
Могучая воля, великая слава
Единый могучий Советский Союз

Сила силы силы силы
силы силы силы силы
силы силы силы силы
силысилы силы силы
большего меча

Part Two!!!

",ru
25,A Knight At The Opera,8. King,"
Walking on the hill
With the crown of steel
Going to McDonald
To eat an happy meal

To eat an happy meal
To eat an happy meal
He's going to McDonald
To eat an happy meal

He's the king
King of the hill of the happy meal
He's the king

Walking on the land
With the sword in hand
He gave the queen a lot of fun
(I think you understand)

(The Queen)
I think you understand
I think you understand
He's given me a lot of fun
I think you aaaaaaaaaaaaaaahhh

He's the king
King of the hill of the happy meal
Of the queen of the (understand)
he's the king

Singing to the wind
The tale of the king
Of Luca Turilli and the elves
and other epic things

Luca Turilli's bad
Luca Turilli's mad
But we don't want with singing this
To make Turilli sad

He's the king
King of the hill of the happy meal
Of the queen of the (understand)
Of the wind of the epic things
He's the king

The story comes to an end
But don't worry my friend
Just push the ""rewind"" button
to listen it again

One more thing we must say
Before you go away
We must warn you :
Potowotominmak is gay

He's the king
King of the hill of the happy meal
Of the queen of the (understand)
Of the wind of the epic thigs
Of the say of the away
of the rewind button...

",en
26,A Knight At The Opera,7. Giorgio Mastrota (The Keeper Of Inox Steel),"
Acciaio 18/10 nelle nocche di Giorgio Mastro…
Cavalca l'elefante, l'Eminflex di Giorgio Mastro...
Armato di doghe in legno e trapunte scamosciate
Batteria di 12 pentole con fondo fuso alto un centimetro

Mastro-ta-tro-ta-tro-ta-tro
Giorgio Mastro-ta-tro-ta-tro-ta-tro
Giorgio Mastro…

Ti porta il materasso il garzone di Giorgio Mastro…
Sciamano dello Shimano: Giorgio Mastro…non Maga Magò
Templare di Rete 4, proteggi la città
Con forni e TV Color e prodotti di qualità

(Giorgio Mastroooo…) Cavalier custode dell'acciaio Inox
(Giorgio Mastroooo…) Guerriero nordico di pura lana Merinos
Hai una pentola a pressione, e la paghi in comode rate
Cosa stai aspettando? Prendi la cornetta, Mondial Casa ti aspetta!

Mastro-ta-tro-ta-tro-ta-tro
Giorgio Mastro-ta-tro-ta-tro-ta-tro
Giorgio Mastro-ta-tro-ta-tro-ta-tro
Giorgio Mastro-ta-tro-ta-tro-ta-tro
Giorgio Mastro…

Acciaio 18/10! (Acciaio 18/10!)
Armato di doghe in legno! (Armato di doghe in legno!)
Ferro da stiro con manico in sughero! (Ferro da stiro con manico in sughero!)
Forno microonde con piatto girevole! (Forno microonde con piatto girevole!)
Vibratore con bordo salvagoccia! (Vibratore con bordo salvagoccia!)
Bicicletta 18 rapporti! (Bicicletta 18 rapporti!)
Forno quattro sequenze con piatto girevole alto un centimetro per cucinare senza grassi professionale con la caldaia separata!!!!

Mastro-ta-tro-ta-tro-ta-tro
Giorgio Mastro-ta-tro-ta-tro-ta-tro
Giorgio Mastro-ta-tro-ta-tro-ta-tro
Giorgio Mastro-ta-tro-ta-tro-ta-tro

(Giorgio Mastroooo…) Cavalier custode dell'acciaio Inox
(Giorgio Mastroooo…) Guerriero nordico di pura lana Merinos
Hai una pentola a pressione, e la paghi in comode rate
Cosa stai aspettando? Prendi la cornetta, Mondial Casa ti aspetta!

(Giorgio Mastroooo…) Cavalier custode dell'acciaio Inox
(Giorgio Mastroooo…) Guerriero nordico di pura lana Merinos
Hai una pentola a pressione, e la paghi in comode rate
Cosa stai aspettando? Prendi la cornetta, Mondial Casa ti aspetta!

Mastro-ta-tro-ta-tro-ta-tro
Giorgio Mastro-ta-tro-ta-tro-ta-tro
Giorgio Mastro-ta-tro-ta-tro-ta-tro
Giorgio Mastro-ta-tro-ta-tro-ta
Giorgio Mastrooooooo…

",it
27,A Knight At The Opera,6. Poser,"
How does it feel
to be a poser like you?
How does it feel
to listen to Tokyo Hotel?

Have you ever noticed
That the word ""Poser""
rhymes with ""Loser""?

And you don't know
The title of the first Manowar album

Poser, you stand alone in the dark
Poser, I wonder why
Noah put you in the ark
And you don't know the difference
between Metallica and Iron Maiden
Poser, you have the t-shirt of Reload

I am a poser, and I listen to Korn
But I am not a loser
And I'm glad to be born

Even if you say that the word ""Poser""
rhymes with ""Loser""
That doesn't mean I am...
(Yes you are!)

I am...
(Yes you are!)
I am...!
(YES NOW YOU DO
WHAT THEY TOLD YA!)

Poser, you stand alone in the dark
(I am just sleeping in my bedroom)

Poser, I wonder why
Noah put you in the ark
(I smell less
than the Cercopitecosaurus)

And you don't know the difference
between Bruce Dickinson
(Fly as high as the sun!)
and Blaze Bayley
(Falling down...)

Poser, you like
Virtual XI!!!

",en
28,A Knight At The Opera,5. Fight The Dragon For The Village,"
Fire he spits and the peasants he ate,
Escape the elevator before it's too late
The dragon is evil but not very fat
It's uglier the dwarf in Rhapsody booklet!

""The dragon is dangerous,"" told uncle Griefus
When yesterday morning we met in the bus
The light of my sword now is shining so bright
The dragon is big, but i have the might

Drago, dragone con lo spadone
Io ti uccidero... Io ti kill you!

Lalalalalalalalalalalalalalalalalala
Fight the dragon !
Lalalalalalalalalalalalalalalalalala
For the village!

[Spoken interlude:]
[Hero:] Dragon, you're evil, bad, bad and evil!
[Dragon:] No!
[Hero:] Yes!
[Dragon:] Yes!
[Hero:] No!

One day I saw the crowd walking there side by side
""Rebellion,"" I thought. No, it was the gay pride!
We fight in the night for the knight of the light
The last words in rhyme are just might fright and sight

Drago, dragone brutto cafone
Non ti vogliamo piu... Non ti want you!

Lalalalalalalalalalalalalalalalalala
Fight the dragon !
Lalalalalalalalalalalalalalalalalala
For the village!

[Spoken interlude:]
[Hero:] Dragon, your time is o'clock!
[Dragon:] No, I am the most invincible dragon of this song!
Ahahaha ahaha ah ah ah Pilade!

",en
29,A Knight At The Opera,4. To Kill The Dragon You Need A Sword,"
To kill a Dragon, you need a sword
To make a sword, you need the iron
To make the iron you need a cave
To make a cave, you need a mountain
To make a mountain, you need a kingdom
To make a kingdom you need a King
And King is a song of Nanowar

",en
30,A Knight At The Opera,3. Metal,"
We are fighting with power (and steel)
Blood and thunder on the road (of steel)!

High and mighty alone we are kings
'Til our kingdom comes!

Hail, power, ring,
fire, heart, king,
sword, holy, wind,
METAL! METAL! METAL!
(and steel)!

The creator and king
And the great sword
(of steel)
Born of black wind, fire
(and steel)!

High and mighty alone we are kings
'Til our kingdom comes!

Hail, power, ring,
fire, heart, king,
sword, holy, wind,
METAL! METAL! METAL!
(and steel)!

",en
31,A Knight At The Opera,2. Tricycles Of Steel,"
It's made up of steel, but it's not a motorcycle
It's made up of wheels, but it's not a motorcycle
It's made up of kings, but it's not a motorcycle
It's made of True Metal, it is a fucking tricycle!!

Kings metal power true steel Oh yeah!
Nanowar'll always be there!

Tricycles of steel! Tricycles of steel!
Pollution is low, no fuel to go
We ride the tricycles of steel!
WE RIDE THE TRICYCLES OF STEEL!!

Din din, the bell rings, our tricycles are for kings
(They run just like they had unicorn wings)
Din din, the bell plays, our tricycles are for gays
(Because there's no saddle where our ass lays)

",en
32,A Knight At The Opera,1. A Knight At The Opera,"
[Instrumental]
",ro
33,A Cena Da Gianni,1. A cena da gianni,"
Il budino interiore ricolmo d'amor
Che sgomma nel piatto per te
La manona del cuoco cantante
Che con sforzo costante impasta il torron

Rollè fatti a mano, senza ""m""
Crema pasticcera artigianale, senza ""artig""
Pezzettoni dal sapor di vissuto nella tazza fumante tu troverai
Pezzettoni dal sapor di vissuto nella tazza fumante tu troverai

Andiamo a cena da Gianni,
Per feste e compleanni
Gustando delle torte di me...
Andiamo a cena da Gianni,
Per feste e compleanni
Gustando delle torte di me...
Sacher.

L'intrattenibile delicatezza,
Dei salsiccioni concime di rapa
L'irresistibile scioglievolezza,
Del Lindor, dal cattivo odor

Baci Perugina alla spina,
Confettura di marron glassè
Il totem del toro seduto, marrone puntuto dopo cicca e caffè
Il totem del toro seduto, marrone puntuto dopo cicca e caffè

Andiamo a cena da Gianni,
Per feste e compleanni
Gustando delle torte di me...
Andiamo a cena da Gianni,
Per feste e compleanni
Gustando delle torte di me...
Sacher.

A cena da Gianni andiamo
Di polpette ci abboffiamo,
Variegato sapor di escreme...
A cena da Gianni andiamo
Di polpette ci abboffiamo,
Variegato sapor di escreme...
Orientale

Andiamo a cena da Gianni, per feste e compleanni
Andiamo a cena da Gianni perché
Andiamo a cena da Gianni, per feste e compleanni
Andiamo a cena da Gianni perché

""Io cucinerò delicatezze
E le farcirò con le mie lunghe dita""

Andiamo a cena da Gianni,
Per feste e compleanni
Gustando delle torte di me...
Andiamo a cena da Gianni,
Per feste e compleanni
Gustando delle torte di me...
Sacher.

A cena da Gianni andiamo
Di polpette ci abboffiamo,
Variegato sapor di escreme...
A cena da Gianni andiamo
Di polpette ci abboffiamo,
Variegato sapor di escreme...
Orientale

A cena da Gianni andate,
Le pietanze son rinomate
Per quel loro retrogusto di diarrè...
Basilico!

Submits, comments, corrections are welcomed at webmaster@darklyrics.com
NANOWAR OF STEEL LYRICS
]",it
34,Stairway To Valhalla,18. Hail To Liechtenstein,"
Raise sails, head to the open sea
Under captain Schettino's command
Heeding the proud and stuttering call
Of Pippi Longstocking and Saddam Hussein

From Cape Town, through lake Baikal
Across Castel di Sangro
To the enchanted valleys of European Alps
Where reptilians play Subbuteo with Bush

Cows, fire, demons – you cannot stop our march
Piggybacking Eddie Murphy into Liechtenstein

Hail to Liechtenstein! Hail to Liechtenstein!
Hail to Liechtenstein!

We bought a swiss motorway vignette
To drive through the A13
Avoiding the checks of the border patrol
To be free from customs control

Dribbling the sight of old passersby
Riding to downtown Schaan,
While the busty Liechtensteinerinnen
Still inspire us with onanist dreams

Our journey's over, and the hardships now are gone
Flying free on Hawking wheelchairs to Liechtenstein

Hail to Liechtenstein! Hail to Liechtenstein!
Hail to Liechtenstein!

The highest GDP per person in the world
Adjusting by purchase power parity
An unemployment rate so ridiculously low
It's just 1.5%
Levying a flat income tax
And a loose corporate fiscal regime
Under the sign of the Financial Intelligence Unit
Fighting laundering and capital flight
Fürstentum Liechtenstein

Fürstentum Liechtenstein
A business-friendly country you are

Prince Hans Adam! For the permit we'll apply
To gain timeless residence in Liechtenstein!

Hail to Liechtenstein! Hail to Liechtenstein!
Hail to Liechtenstein!

",en
35,Stairway To Valhalla,17. The Quest For Carrefour,"
Odin, Thor, Frey and Loki
Under the banner of Camembert
Drinking with onion and pride
Hydromel and 7Up!	
Welcome where skewers stands still	
Welcome to the barbecue of the Gods
The Barbecue of the Gods

But as the champagne they uncorked
The prophecy was fulfilled
Sauron the master of the onion rings
Made all of our barbecue sauce expire
So they sent us on a hunt for the grocery store
But then we lost our way

We were lost on our quest for Carrefour
Searching for the gourmet barbecue sauce!

Oh they'll be lost forevermore

One Onion Ring to appetize them all
One Onion Ring to main dish them all
One Onion Ring to garnish them all
And in the plat du jour bind’ em all
(he’s dangerous)
One Onion Ring to grease them all
One Onion Ring to gormandize them all
One Onion Ring to fatten them and bind’ em there
In the land where the obese lie

We will find a way
To destroy the onion ring
Dip it in the Bourguignonne
An offer to the picnic gods
Yes we will find the way
To spread fromage de chevre
On our baguette
And finally move on to the dessert!

We were lost on our quest for Carrefour
Searching for the gourmet barbecue sauce!
Will we ever reach the counters?
Will they accept our Mastercard?
Will we ever cross the sliding doors?
Will we ever come back home again?

Still I smell the scent of skewers
Cucify! Crucify!
Still I hear the screams of thousands
Roastify! Roastify!

One day we will taste the delicious
Michelin awarded creme chantilly
Made by careful and knowledgable hands of Frigg
With a ancient runic receipe

We were lost on our quest for Carrefour
Searching for the holy barbecue sauce!

",en
36,Stairway To Valhalla,16. The Crown And The Onion Ring,"

",unknown
37,Stairway To Valhalla,15. Uranus,"
I like it big, I like it cold
I like it blue, I like it bold
I like it with a two % of methane
It’s Uranus!

I want it icy, I want it large
I want it spicy, with electric charge
Fluid outside and rocky inside
Like Uranus!

Pluto, Pluto
You're cold and far, not even a planet
Venus, Venus
Too much CO2!
Mars, Mars, Mars, Mars
Ain't enough magnetosphere
There's only a place where I wanna go!
I'm gonna head right to Uranus

Uranus, Uranus
Coz I’m an astronomy aficionado
I wanna observe Uranus
Uranus, Uranus
My shuttle's fast like a torpedo
It's gonna pierce Uranus

A 6.2 inch telescope
Held in Willam Herschel's hands
Allowed the world to see how wide
Is Uranus!

No more a hobby, for the few
",en
38,Stairway To Valhalla,14. Bum Voyage,"

",unknown
39,Stairway To Valhalla,13. Ironmonger (The Copier Of The Seven Keys),"
Master of the allen wrench
Riding a mighty lawnmower for revenge
In the realm of the screws he’s the king
And Lord of the Towel Rings

Edison of the lightbulb
Leonardo of the shower tray
Renzo Piano of the gas pipes
David Hasselhoff of the glue
Einstein of the screwdriver
Plato of the kick plates
Hemingway of the instructions
Translated into Dutch

Bricolage! With the power of Black & Decker
Bricolage! And the magic of Leroy Merlin
Bricolage! Praise the wisdom of Rowenta
In the name of the almighty Bosch!

Hail to the affordable Ironmonger
Prophet of bricolage of the last eclipse
Purchase cutting edge items at the Ironmonger's
Ineffable copier of the seven keys
You’re the Spongebob of promotions on the glue!

Warlock of the doorknob of steel
Wizard of the doorlock of hell
Baywatcher of the batteries' polarity
Hobgoblin of the customer satisfaction

Heart of utensil
On your ear there’s a pencil
No one can outcompete your trueness
in the retail sellers branch
You also sell mosquito nets
In the tropical regions
But not DDT anymore
For international restrictions

Hail to the affordable Ironmonger
Prophet of bricolage of the last eclipse
Purchase cutting edge items at the Ironmonger's
Ineffable copier of the seven keys
You’re the bishop of the offers on the nails!

The hammer of Thor
The scalpel of Thor
The screwdriver of Thor
The lifepreserver of Thor
The cousin of Thor
The grandfather of Thor
The boyfriend of David Hasseloff

Hail to the affordable Ironmonger
Prophet of bricolage of the last eclipse
Purchase cutting edge items at the Ironmonger's
Ineffable copier of the seven keys
And this song is all about David Hasselof!

",en
40,Stairway To Valhalla,12. Another Drill In The Wall,"

",unknown
41,Stairway To Valhalla,11. Vegan Velociraptor,"
He drives his eco-friendly Tesla Motors police-tank
Non-disposable hero, in a cloak made of hemp
Lethal cereal killer completely sugar free
Drowning enemies in pots of herbal tea

It's known that a lentil-based diet
Is the cause of a strong flatulence
His bum pollutes with CO2
So bears abandon the arctic too
And deserve it 'cos they eat fish anyway

Ah! Vegan velociraptor
Broccolini hunter, saviour of the environment
Ah! Vegan velociraptor
Fighting speciesism and reversing the food chain

Sheriff of the livestock against animal abuse
Replacing choco milkshakes with lime and carrot juice
But he's got to be careful when patrolling the town
As the carnivorous cow's lurking around

In league with the Bacon Street Boys
She feeds cattle with meat and steroids
Blended with opium and bamboo
Bovines become addicted too
Turning into narco-prostitutes

Ah! Vegan velociraptor
You zucchini butcher, mother nature's playful friend
Ah! Vegan velociraptor
Fighting speciesism and reversing the food chain

On a bad day took place a very bad thing
As this very bad cow and her very bad crew
Very impolitely raped a young groundhog
Named George W. Sanchez

There came Gargamellor the moderate T-Rex,
Complaining ‘bout the gang's inappropriate ways
But the evil bovines went berserk and devoured him alive

Mild Gargamellor! Polite Gargamellor!
Taxpayer Gargamellor! “Cowfood” Gargamellor!

George W. Sanchez! Poor bullying victim
George W. Sanchez! Your ass bled for us all
George W. Sanchez...

[Vegan velociraptor:]
Damn you, ill-bred evildoers
I hereby declare you under arrest
You killed my friend Gargamellor
And impolitely raped Herr W. Sanchez
You have the right to remain silent
You have the right to an attorney,
Anything you say can and will be used
Against you in a court of law

[Carnivorous cow:]
I'll extinct you, filthy dromaeosaurid,
Your days are numbered, you're about to die!
You entered the wrong jurisdiction,
'Cos the law enforced here is the Bill Of Rights
That grants the right to rape a groundhog (impolitely)
Or grants the right to eat a T-Rex
But grants the right to do both of the above
If one is called George W. Sanchez!

That said the cow launched her assault
Hitting his throat with a turbo-flying kick
VV was counterattacking
Firing with bullets made out of soy beans

Until the cow took a secret potion, to prevail over the dinosaur

A mixture of prions and elephant scurf that made her... Invincible!

Contracting ""Mad Cow Disease"" and hence being
Slaughtered by the FDA authorities

Still drives an eco-friendly Tesla Motors police-tank
The vice mayor promoted him to a prestigious rank
Lieutenant of seitan brigadier of seeds
Feldmarshall of the cruelty free recipes

His macrobiotic meals
Enriched with proteinic pills
Drowned in a sea of rice and soy
Fill everyone with peace and joy
But not Sanchez, still bleeding from his ass

Ah! Vegan velociraptor
Slaughterer of eggplants, Jurassic animalist
Ah! Vegan velociraptor
Fighting speciesism and reversing the food chain
Ah! Vegan velociraptor
Broccolini hunter, saviour of the environment
Ah! Vegan velociraptor
Fighting speciesism and reversing the food chain

Here comes the meteorite!

",en
42,Stairway To Valhalla,10. Tooth Fairy,"
Floating in the night on your butterfly wings
Sneaking in the room while the infant is asleep
Eye for an eye, coin for a tooth
Tooth Fairy, do you know
The financial impact of your deeds?

Did anybody tell you that by inflating money supply
You’re distorting the structure of production?
Did anybody tell you that P*Q=M*V
You’re responsible for the rise of the interest rates!

Tooth Fairy, your policies are inflationary
Like a helicopter drop
Your donations push up aggregate demand
",en
43,Stairway To Valhalla,9. ...and Then I Noticed That She Was A Gargoyle,"
Picking up teens in a ""Twilight"" chat room
Listening to Adele on my own
One day I met an attractive lady
Whose nickname was Sharon Stone

We shared many common interests
E.g. Medieval architecture
So I took her out for a fancy dinner
Her statuesque beauty took my breath away.

And then I noticed that she was a gargoyle
I should have checked the fine print long ago
And then I noticed that she was a gargoyle
She was a maniac, maniac and a gargoyle

How could you be such a retarded moron?
Didn't you check her profile before?

I just read MILF in the ""about me"" section
I didn't get that ""M"" stood for ""Monument""

Well, it's usual to fall in the trap
Chat with an angel and go out with a crap
But tell me, what d'you mean by ""gargoyle""
Was she wrinkly? Was she fat?

No! I'm telling you she was a freaking gargoyle
That thing you see on Batman Begins
She was exactly what you would see
If you'd google ""gargoyle""
And instead of boobs she got two black bricks of stone!

And then he noticed that she was a gargoyle
He thought her avatar was just an avatar
And then he noticed that she was a gargoyle
And I also had to pay her cub to Notre Dame

But as I drove back home that night
Her tender snout still in my eyes
Left just confusion in my mind
Is it true love or is it just a crush on 12th century French sculpture?

And then I noticed that I like the gargoyles!
I'll be jerking off on ""Batman Forever""!
And now I notice that I like the gargoyles!
'Cause I got maniac, maniac for gargoyles!
I also like Rolling Stones

",en
44,Stairway To Valhalla,8. In The Sky,"
Fire in the sky
Firefighters in the sky
To extinguish the fire in the sky

Air in the sky
Apple in the sky
Chasing Steve Jobs in the sky

Lucy in the sky,
John Lennon in the sky
George Harrison is also in the sky!

Ride and fly high, high, high, high
Very very high, in the sky!
The ladder in the sky
Is better than the stairway to heaven
Forever and ever in the sky!

Clouds in the sky
Bad weather in the sky
Umbrella shields the rain from the sky

Sun in the sky
Moon in the sky
The whole solar system in the sky
HAARP in the sky
Chem trails in the sky
The sky is conspiring in the sky
Ride and fly high, high, high, high
Very very high, in the sky!
To be in the sky
Is better than not to be in the sky
Forever and ever in the sky!

",en
45,Stairway To Valhalla,7. Images And Swords,"
Uhm, yeah, yeah, very good... But they're nothing like Dream Theater
Oh, really? Do you know how Dream Theater make their sophisticated music?
No.
Well, it's easy: They just scratch a Manowar CD with a screwdriver drawing a large cock and then it's done.
That's impossible; Prove it to me!
Here it comes!
I told you.

",en
46,Stairway To Valhalla,6. L'opelatole Ecologico,"
Protettor dei marciapiedi? Ma-ki è, ma-ki è?
Ninja dell'igiene? Chi sarà, chi sarà?
Shogun dei cassonetti? Dicci un po', dicci un po'?

È l’opelatole ecologico!
È l'opelatole ecologico!

Affronta i mozziconi e pulisce il marciapiede
Nel suo camion-cassonetto Sol-levante
Ogni fogliaccia trema al suo passaggio immantinente
Per il suo Kimono catarifrangente

Lui divora spazzatura ricoperta di tempura
Il detrito spazza via con lo Tsunami
Arigato la fiancata, della vettura mal parcheggiata
Che del rifiuto impediva la rimozion

Mozziconi! Mozziconi!
Harakiri! Kiricori!
Fogliaccioni! Fogliaccioni
Compost

Non sporcare la città con la tua incuria
Altrimenti incapperai nella sua furia
Se orini dal balcone, se il tuo cane fa un ricordino
Presto l'ira invereconda assaggerai... del

Netturbino! Prode samurai
Netturbino! Marciapiede in the sky
Netturbino! Sul camion ti aggrappi
Per un futuro più eco-sostenibile

Sushi-ta rispetto e terrore tra i bidoni
Con la sua magica ka-tana libera tutti
Rimuove anche nakagata, al grido di BANZAI
Con la sua fida scopa samurai

Non sporcare la città con la tua incuria
Altrimenti incapperai nella sua furia
Seppuku puku lo fai incazzare
Se lo scambi per mandarino
Dalla carta ti separerà perché... è un ninja

Netturbino! Ninjenizza per noi
Netturbino! Immondizia awaits
Netturbino! Sul camion ti aggrappi
Per un futuro più eco-sostenibile di prima

Lotta per le aziende municipalizzate
Di raccolta di rifiuti
Anche se a volte lo Shogun controlla gli appalti...
Netturbino, tu, come dire...

Mozziconi! Mozziconi!
Harakiri! Kiricori!
Fogliaccioni! Fogliaccioni
Accannate co' sti cori!

Non sporcare la città con la tua incuria
Altrimenti incapperai nella sua furia
Se orini dal balcone, se il tuo cane fa un ricordino
Presto l'ira invereconda assaggerai...
Non sporcare la città con la tua incuria
Altrimenti incapperai nella sua furia
Seppuku puku lo fai incazzare
Se lo scambi per mandarino
Dalla carta ti separerà perché... è un ninja

Netturbino! Prode samurai
Netturbino! Marciapiede in the sky
Netturbino! Sul camion ti aggrappi
Per un futuro che sarà eco-sostenibile a go-go

Ma finisce così la canzone?
No!

",it
47,Stairway To Valhalla,5. Il Maestro Myagi Di Pino,"

",unknown
48,Stairway To Valhalla,4. Heavy Metal Kibbles,"
Crispy! Tasty! Nasty!
Spicy and dry
Nutritious! Delicious! Nectarous!
Sweet delight
Salty! Ethnic! Proteinic!
With phenylalanine
Mellow! Feeding! Refreshing!
Enhancing your feline

Chicken power pet’s desire
Make your “Kitty” become
A bloodthirsty nightcrawler of doom
With the heavy metal

Kibbles Kibbles
Meow! Meow! Meow! Meow!

Taurine! Heroin! Urine!
And a pinch of salt
Rat sauce! Mouse sauce! Mao sauce!
To feed the revolt

Strong and nutrient, taste of Nutria
Let your “Stinky“ become
A cobold dragon slayer with fire resistance +10
With the heavy meow-tal

Kibbles Kibbles
Meow! Meow! Meow! Meow!

Blaze of catnip, iron pic-nic
Make your “Mittens” drive your car
He will also wash your clothes
Take you out to pee in the park!

Kibbles Kibbles
Meow! Meow! Meow! Meow!

",en
49,Stairway To Valhalla,3. The Call Of Cthulhu,"
Master of evil, squid of darkness
Octopus of inferno and hell
Dead you lie sleeping, in eternal siesta
Counting two Tera-sheep

When death dies thy time shall be
To unleash upon us plankton and death
So hear the voice of your colf summoning thee
Waiting for the call of Cthulhu!

Blllw blllw blllw bllw! Aaaahhhhh!

Call of Cthulhu! Lalalalalalalala

Cthulhu the ancient, bringer of bills
Lord of Telekom Rl’yeh
Appear in your subscribers dreams
Advertising tariffs of pain and convenience

Send the world your death SMS
Forwarding animated doomsday gifs
When thy kingdom rises once again
Hire us first in the mighty call center of Cthulhu!

Blllw blllw blllw bllw! Aaaahhhhh!

Call of Cthulhu! Lalalalalalalala

",en
50,Stairway To Valhalla,"2. Barbie, Milf Princess Of The Twilight","
Wonderful lady of charming might
Of mystic accessories and vintage revolving light
A sorceress trapped in a luxury spa
Unleash the bucolic adventures that my camper yields
Hair in the wind
Mould the horizons
Shining blue eyes
Forest and lakesYes, I am a Barbie

Emerald, Emmenthal
Fontina, Taleggio, Madre Stagionata nel tempo!

Princess of the twilight!
No hole between your cheeks
Driving glamour SUVs with fashion style and steel

Barbie, MILF princess of the twilight
The mistress of the moonlight
With botox made in China by Mattel
Barbie, your boobs of carbon-iron
Beguile the Dino-Sauron
With Dildo faggins always at your side

Barbie, barbie, princess of the twilight
Candles in the Winx!
Barbie, barbie, princess of the twilight
Brazzers in the Braz

Raise to the sky mighty handbags of amber
Hail to the gods with your iron lip gloss
Seize the bargains of Black Friday in November
To reach for the thong made of dental floss
Comb with power your mighty hairstyle
On my little pony you fly
With your poisonous lipstick you’ll kill’em all
To reach the divine shopping mall
Ride the uniporn! Raperonzolo!
So trendy you’ll fight
The fashiongods pantheon will be your guide

Princess of the twilight!
No nipples on your tits
Polly Pocket wants a Cracker like Cobain once said!

Barbie, MILF princess of the twilight
The mistress of the moonlight
With botox made in China by Mattel
Barbie, your legs enshrine the power
To entrap the black lord’s tower
But not before he buys you a fur coat!

Barbie Mordor, Barbie cobaltum
Barbie flamethrower, Barbie papà
Barbie napalm, Barbie Rob halford
Barbie Turilli, Barbie turics!

Barbie dungeon, Barbie and dragons
Barbie warhammer, Barbie WoW
Barbie the magic, Barbie the gathering
Unholy Warcraft!

Emerald, Emmenthal
Cortina d’Ampezzo, Jerry Calà in controtempo

Maraca – Barbie, MILF princess of the twilight
The mistress of the moonlight
With botox made in China by Mattel
Barbie, your boobs of carbon-iron
Beguile the Dino-Sauron

",en
51,Stairway To Valhalla,1. Declination,"
Rosa, Rosae, Rosae!
Rosam, Rosa, Rosa!
Rosae, Rosarum, Rosis
Rosas, Rosae, Rosis!

Consecutio temporum
Hic Haec Hoc - Cip et Ciop
Quorum, referendum
Grattatio pallorum
Hi, Hae, Haec - Qui Quo Qua
Omnia pericula fugit

Rex, regis, regi, regem
Dragonum ad personam
Reges, Regum, Regibus,Reges
Eiacula iacta est
Domus, domus, domui, domum
Intro rapsodorum
Domus, domum, domibus, domos,
Do ut sex

Spes spei, spei, SPEM!

",pt
52,Italian Folk Metal,15. Biancodolce,"
Arriva ineluttabile l'ennesimo mattone
Lanciato da ogni radio e televisione
La senti in ogni istante, fino a diventare scemo
La melodia lagnosa del brano di Sanremo

Ti entra nella testa, per non andar più via
Martella le cervella, è una lenta agonia
Dov'è la fine ultima di questa tortura?
Chi è che straccerà questa dannata partitura?

La SIAE?
L'INPS?
La Settimana Enigmistica?
La DIGOS?

Dal Salento si è alzata 'sta canzone popolare
Di cui poi non ci siamo più potuti liberare
Queste note negramare come una maledizione
Ritornano e ritornano in ogni canzone

Tre note che potrebbero anche essere invertite
Continuano a non farlo e adesso io ho l'orchite
Si dice che la musica ti entri sotto pelle
Io dal canto mio però ne ho già piene le p...

Un ventennio di canzoni con la stessa melodia
L'ha fatto anche Elio, ma era una parodia
C'è chi ci ha costruito una carriera intera
Non mi riferisco ai Negramaro
Ma i Negramaro sono un ottimo esempio

E ora pensa, prima di cantare
Pensa, prima di ammorbare
Pensa a quel disgraziato, che poi ti dovrà ascoltare
Pensa che quella persona potrebbe spararti senza pensare

Caterina Caselli?
Gli Illuminati?
Zio Michele?
Beppe Vessicchio?

Dal Salento si è alzata 'sta canzone popolare
Di cui poi non ci siamo più potuti liberare
Queste note negramare come una maledizione
Ritornano e ritornano in ogni canzone

Tre note che potrebbero anche essere invertite
Continuano a non farlo e adesso io ho l'orchite
Si dice che la musica ti entri sotto pelle
Io dal canto mio però ne ho già piene le p...

Submits, comments, corrections are welcomed at webmaster@darklyrics.com
NANOWAR OF STEEL LYRICS
]",it
53,Italian Folk Metal,14. Formia,"
Dimmi dove vai, che cosa fai?
Dimmi se lo sai, mi hai fatto male ahi!
Ma quanti anni hai? Io vivo alle Hawaii
Il deodorante spray, lo compro alla CRAI

E voglio andare a Formia, a Formia
A farmi fare la cresta, da Paparesta
E voglio andare a Formia, a Formia
A farmi fare la cresta
Ahi fai sai, per fare rima manca solo dai

Ho una fascetta in paille
Con una scritta in braille
Che ho vinto alla SNAI
Col Galatasaray

Adesso mangio Thai
Mentre mi guardo Sky
Lo so, mi mancherai
Se gioco a Sciangai

E voglio andare a Formia, a Formia
A farmi fare la cresta, da Paparesta
E voglio andare a Formia, a Formia
A farmi fare la cresta
Ahi fai sai, per fare rima manca solo dai

E voglio andare a Formia, a Formia
A farmi fare la cresta, da Paparesta
E voglio andare a Formia, a Formia
A farmi fare la cresta
Ahi fai sai, per fare rima manca solo dai

",it
54,Italian Folk Metal,13. El Baile Del Viejo Que Mira Las Obras,"
El baile del viejo que mira las obras
Que observa y controla al trabajador
El baile del viejo que mira las obras
De la construcción es el supervisor
De la construcción es el supervisor

Tirantes bien puestos, postura de asalto
Dientes postizos, hipertensión
Si huele de lejos que ponen asfalto
Se toma un chupito y entra en acción
Se toma un chupito y entra en acción

Brazos cruzados detrás de la espalda
Vigilando obreros que instalan el gas
Su baston de madera siempre le respalda
Aunque se duerma echado hacia atrás
Aunque se duerma echado hacia atrás

El baile del viejo que mira las obras
Que observa y controla al trabajador
El baile del viejo que mira las obras
De la construcción es el supervisor
De la construcción es el supervisor

Su arteriosclerosis es como magia
Que siempre le avisa si algo no va
Le duele la panza por su aerofagia
Tirandose un pedo se levantará
Tirandose un pedo se levantará

Su cuidadora Svetlana le espera en la puerta
Ansiosa de hallar, en su pañal
La bolita blanca, de caucho cubierta
Escondida en la materia fecal
Escondida en la materia fecal

El baile del viejo que mira las obras
Que observa y controla al trabajador
El baile del viejo que mira las obras
De la construcción es el supervisor
De la construcción es el supervisor

Uh la la la, uh la la la - El jubilado
Uh la la la, uh la la la - Observador
Uh la la la, uh la la la - El jubilado
La la la, la la la, la la la la
La la la, la la la, la la la la

Ahora aclaramos un poco este tema
Cuando el abuelo se puso a dormir
Metió en su boca colombiana cena
El majo y bromista, del jefe albañil
El majo y bromista, del jefe albañil

Esta es la historia de Antonio Romero
Un viejo explotado sin ningún pudor
Violado en su más oscuro agujero
Victima de un obrero traidor
Fue preso a pesar de ser muy mayor
Pues desde la celda dirige mejor
Y Pablo Escobar es su admirador

El baile del viejo que mira las obras
Que observa y controla al trabajador
El baile del viejo que mira las obras
De la construcción es el supervisor
De la construcción es el supervisor
De la construcción es el supervisor
De la construcción es el supervisor

Uh la la la, uh la la la - El jubilado
Uh la la la, uh la la la - Observador
Uh la la la, uh la la la - El jubilado
La la la, la la la, la la la la
La la la, la la la, la la la la

Uh la la la, uh la la la - El jubilado
Uh la la la, uh la la la - Observador
Uh la la la, uh la la la - El jubilado
La la la, la la la, la la la la
La la la, la la la, la la la la

",es
55,Italian Folk Metal,12. Der Fluch Des Kapt'n Iglo,"
Fischen! Einfrieren! Panieren!
Bis sie extra knusprig werden
Kochen! Würzen! Anrichten!
Mit der passenden Beilage

Der Pirat der Tiefkühltruhe
Mit Lachs bist du gnadenlos
Lässt Garnelen nicht in Ruhe
Du bist wild wie ein Albatros
Und die Kriegsmarine ist machtlos
Gegen Blitzkrieg-Fischerei
Deine fiesen Angelhaken
Für den Kampf sind schon bereit
Der Fischschwarm wird gebraten
Wird gedünstet und geschmort
Und die Fischvernichtung fängt an ab sofort

Fischen! Einfrieren! Panieren!
Bis sie extra knusprig werden
Kochen! Würzen! Anrichten!
Mit der passenden Beilage

Käpt'n Iglo, der Pirat aus dem Fischmarkt!
Käpt'n Iglo, mit dem weißen Rauschebart
Du der Schrecken der sieben Meere
Grillst den Dorsch auf deinem Speere
Du bist Käpt'n Iglo, Knusperbrösel und Klassenkampf!

Arr!

Du Seefahrer der Blutlache
Unsichtbar wie ein U-Boot
Du verarscht die Küstenwache
Lachst über ihr Fangverbot
Dein Torpedo ist ein Fischstäbchen
Deine Bombe eine Fischboulette
Und dein Feind hat sich ergeben
Dein Angriff hat ihm geschmeckt
Und dein Ziel ist die Panierung
Der gesamten Nordsee
Für jeden Fisch hast du eine köstliche Rezeptidee

Fischen! Einfrieren! Panieren!
Bis sie extra knusprig werden
Kochen! Würzen! Anrichten!
Mit der passenden Beilage

Käpt'n Iglo, der Pirat aus dem Fischmarkt!
Käpt'n Iglo, mit dem weißen Rauschebart
Du der Schrecken der sieben Meere
Grillst den Dorsch auf deinem Speere
Du bist Käpt'n Iglo, Knusperbrösel und Klassenkampf!

Eins, frittierter Zander
Eins, frittierter Zander
Zwei, Naturfilet
Zwei, Naturfilet
Drei, Ofenbackfisch
Drei, Ofenbackfisch
Acht und zwanzig Fischstäbchen
In der Vorteilspackung

Deine Mannschaft ist minderjährig
Aber das ist kein Problem
Ihre Eltern stimmen zu
Und niemand hat was gesehen
Deine Freundschaft ist manchmal
Zu zärtlich und zu liebevoll
Aber man soll einen Fischer
Aus diesen Gründen nicht verurteilen

Käpt'n Iglo, der Pirat aus dem Fischmarkt!
Käpt'n Iglo, mit dem weißen Rauschebart
Du der Schrecken der sieben Meere
Grillst den Dorsch auf deinem Speere
Du bist Käpt'n Iglo, Knusperbrösel und Klassenkampf!
Du bist Käpt'n Iglo, Knusperbrösel und Klassenkampf!

",de
56,Italian Folk Metal,11. Sulle Aliquote Della Libertà,"
[feat. The Rumpled]Fatture di vendita, fatture di acquisto
F24, detraibilità
Report contabili, regime forfettario
Perizie e consulenze, contabilità

Amministrazione e liquidazione
Rateizzazioni, enti previdenzial
Visura camerale, calcolo dell'IRPEF
Scarico dell'IVA, visura catastal

L'imponibile abbatterà
Sulle aliquote della libertà
Tra i cavilli si districherà
Sulle aliquote della libertà
L'imponibile abbatterà
Sulle aliquote della libertà
Tra i cavilli si districherà
Sulle aliquote della libertà

Scatole cinesi, prestanome
Elusione, società offshore
Conto nelle Cayman, doppio passaporto
Un milione cash e lingotti d'or

E i bilanci falsificherà
Sulle aliquote della libertà
E l'erario defrauderà
Sulle aliquote della libertà
E i bilanci falsificherà
Sulle aliquote della libertà
E l'erario defrauderà
Sulle aliquote della libertà

Incontro amichevole, di notte nel bosco
Beretta M9 senza numero serial
Occulta il cadavere, fuga all'aeroporto
Scappa col malloppo con volo El Al

Mandato di arresto, perquisizione
Colloquio galante con il marescià
Pacca sulla spalla, occhiolino ammiccante
Con una bustarella tutto si risolverà

E il caricatore svuoterà
Sulle aliquote della libertà
Ed il socio scomparirà
Sulle aliquote della libertà
In Nicaragua si eclisserà
Sulle aliquote della libertà
La collusione trionferà
Sulle aliquote della libertà

",it
57,Italian Folk Metal,10. Gabonzo Robot,"
[feat. Dr. Pira]Sei un eroe invitto, invincibile
Che il destino ha reso insormontabile
Ospizi, ospedali ed asili incenerirai
Nonostante I malauguri, sempre vincerai

Combatti gli Zampuriani
Maledetta stirpe abominevole
Ma con la tua arguzia
La vittoria deterrai

Vola, Gabonzo Robot
Bombarda I bambini e distruggi I più deboli
Spara, Gabonzo Robot
Il tuo turbomissile preso alla COOP

Vola, vola, trasformati
Vola, vola, agganciati
È successo che sei il vincitore
Vola, vola, trasformati
Vola, vola, agganciati
È capitato che hai vinto

Da Mercatone Z sei giunto qui tra noi
Calpesti canili e chiese, ma che combinaguai
Questi Zampuriani hanno rotto gli zebedei
Ma tu con il tuo maglio li annienterai

Grazie ai miti consigli
Del robot amico Gavinelli
Troverai un pilota
E più scavezzacollo diverrai

Vola, Gabonzo Robot
Bombarda I bambini e distruggi I più deboli
Spara, Gabonzo Robot
Il tuo turbomissile preso alla COOP

Si è verificata la circostanza per cui sono tutti deceduti
Figlio della Belva, ingoia questo maglio che ti porgo
Eradicherò la stirpe Zampuriana alla radice
Distruggerò la loro stella, ovunque essa sia!

Guardi nello spazio
E contempli l'infinito
Qual'è il senso della vita?
Qual'è il senso della COOP?

Vola, Gabonzo Robot
Bombarda I bambini e distruggi I più deboli
Spara, Gabonzo Robot
Spara, Gabonzo Robot
Il tuo turbomissile preso alla COOP

",it
58,Italian Folk Metal,9. Il Signore Degli Anelli Dello Stadio,"
Sarà perchè è uno stregone
Sarà perchè vive in una torre
Sarà perchè è malvagio
Barbalbero pensaci tu

Senti come puzza, senti come puzza, Saruman
Mago de sto cazzo, mago de sto cazzo, Saruman

Sarà perchè è uno stregone
Sarà perchè vive in una torre
Sarà perchè è malvagio
Barbalbero pensaci tu

E il Nazgul è il mestiere più infame che c'è
Quando Frodo usa l'anello un leone è
Ma nella vita sai che spettro è?
Di merda!

Di merda!

E Mordor merda, e Mordor colera!
Sei la rovina della Terra di Mezzo
O Uruk-hai, testa di cazzo
Col nostro arco ti spariamo un altro razzo

Olè! Olè! Olè! Olè!
Olè! Olè! Olè! Olè! Olè! Olè!
Olè! Olè! Olè! Olè!
Olè! Olè! Olè! Olè! Olè! Olè!

Siamo noi, siamo noi!
I campioni delle torri siamo noi
Siamo noi, siamo noi!
I campioni delle torri siamo noi

La disoccupazione ti ha dato un bel mestiere
Mestiere di merda: URUK-HAI!
La disoccupazione ti ha dato un bel mestiere
Mestiere di merda: URUK-HAI!

Solo l'anello, c'avete solo l'anello
Solo l'anello, c'avete solo l'anello

E stiamo qual al fosso di Helm, bloccati sopra il muro
Arriva all'alba Gandalf che ce para pure er culo

Bilbo Baggins carabiniere!
Bilbo Baggins carabiniere!

Lavali, lavali, lavali cor foco!
Monte Fato lavali cor foco!
Lavali, lavali, lavali cor foco!
Monte Fato lavali cor foco!

",it
59,Italian Folk Metal,8. Rosario,"
[feat. Giada Jade Etro]In questa notte di magia
Dopo mesi di agonia
Son finalmente uscito con lei
Soave come il Paradiso
O la provincia di Treviso
Bella, forse troppo per me

Mi dico, ""fuori gli attributi e conquistala""
Hey, ma non letteralmente, o fuggirà
Prenderò coraggio, la bacerò
Ma chi è quello li? Che viene qui?

Rosario! No grazie questa sera proprio no
Rosario! Gli spicci per comprarla non ce li ho
Rosario! Ho anche l'allergia
I fiori valli a vendere a tu' zia!

No caro amico non sono d'accordo
Tu parli da uomo ferito
Che ha ancora una spina nel suo dito
Son qui per volontà divina
Per porgerti questa piantina
Garanzia di almeno una sveltina

Non so quale sia la tua etnia o la tua età
Non so se ti chiami Aziz o Mustafa
La Sacra Coldiretti mi ha mandato qua
Per incrementar la natalità

Rosario! Di Coldiretti io sono il pastore
Rosario! Rabdomante dell'amore
Rosario! Profeta di ogni fiore
Perito agrario del rusty trombone

Questo arbusto che mi hai donato con fare agronomo
Ha irrigato i miei solchi di amor per te
Accudirò con zelo il nodoso tuo bonsai
E vedrai, sul mio latifondo il seme spargerai!

Rosario! Non so senza di te cosa farei
Rosario! Ti insegnerei l'Italiano se lo saprei
Rosario! Oggi ho conquistato lei
Ma domani un'altra rosa arriverà
Domani un'altra rosa arriverà
Domani un'altra rosa

",it
60,Italian Folk Metal,7. Scugnizzi Of The Land Of Fires,"
Into regnò e Pozzuoli
Nun cia facimm cchiù
Stu' drago scoscumat, che accementa e criatur
Iss sta sempre abbasc
Cu mezz' suoij truccat
Sta sempe a fa burdell, a uallera c'ha già scassat

Ma mò l'ora è giunta e compier 'o destin mij
E arridare a chesta terra a' liberta
Aggia accatta o fierr e cavalcar 'o motorin
E finalmente, fernì sta fetenzia

Aggia accoppà 'o dragone
Curnut e sarchiapone
Che sta infestann o paese e creann disagi alla pubblica quiete
Aggia sparà 'o dragone
O' aggia investì co furgone
Aggia annasconnere 'o cadaver cu zi Gaetano int all'inceneritor

Dragone, omm'e merd
Mo me la pagherai
Paesan e compaesan maje cchiù tu molesterai
Tieni 'o malocchio'e Sauron
Tu si no scurnacchiat
Chiavate a linga n'culo, ritorn ra arò si arrivat

A' profezia ra' smorfia, ca m'a fatt' 'a maga famoso Iole
Me ha predett ca' me aiuterà a mano de dios
E quindi mò pigl a' pistol, chella ca' portav sempre a scola
Ca' zio Gaetan me facette ppe a' comunion

Aggia accoppà 'o dragone
Curnut e sarchiapone
Che sta infestann o paese e creann disagi alla pubblica quiete
Aggia sparà 'o dragone
O' aggia investì co furgone
Aggia annasconnere 'o cadaver cu zi Gaetano int all'inceneritor

O mio bello Maradona, che sta in fronte a me
Pibe d'oro e piccirill, cchiù bello e Pelè
Quando o sole se ne scenne
Benedici chist fierr
Canten tucc ""lontan de Napoli se moeur""
Ma 'o drago a Napoli morirà

Aggia accoppat o dragone
Curnut e sarchiapone
Che stava infestann o paese e creann disagi alla pubblìca quiete
Aggia sparat o dragon
O' aggia investit co furgon
Aggia annascuso o cadaver cu zi Gaetano int all'inceneritor

",it
61,Italian Folk Metal,6. La Polenta Taragnarock,"
[feat. Giorgio Mastrota]Nutriente, e ad alta densità
Tagliere di fumante epicità
Forgiata, dal mestolo di Thor
Si accampa nelle arterie del tuo cuor

Dalle fauci del Vulcano di Trepalle
Ti avvolge con il suo burroso scialle
I suoi lapilli di colesterolo, bombardano il Sud Tirolo
In un blitzkrieg di mais bramato!

Isolante, a bassa trasmittanza
Protegge da AIDS e gravidanza
Ribolle nelle Marmitte dei Giganti
Valchiria delle pietanze antiossidanti

Impugnerò il paiolo magico
Immpasterò il dorato amido
Nel formai de Mut

La polenta Taragnarok
La polenta Taragnarok
Orgoglio dei paioli della Valhalltellina
La polenta Taragnarok

Trasmutato dall'alchimia di Sondrio
Seduce ribosoma e mitocondrio
Che assorbe il suo glucosio Orobico
Nel corso di un processo anaerobico

Il suo abuso può causare la pellagra
Ma il consumo ha l'effetto del viagra
Trasformandoti in un superomo
Tra le gambe avrai un Drago di Como
Straripante di Scimudin fuso

La polenta Taragnarok
La polenta Taragnarok
Orgoglio dei paioli della Valhalltellina
La polenta Taragnarok

Quante cose al mondo tu puoi far
Saccheggiare, intonacare, banchettar
Ma se dall'impeto famelico ti lasci sopraffar

Il tuo stomaco ""GINNUNGAGAP"" cantera'
Per scongiurare il tuo lockdown gastro-intestinal
Dal lago del Mid-Garda occidental

V'e' una pozione tonica dal colore paglierino
""Cedrata Tassoni"" l'elisir di Odino!

Su di lei, ci metto la provola
Su di lei, lo zola e' una favola
Pota e' bona fes!

La polenta Taragnarok
La polenta Taragnarok
Orgoglio dei paioli della Valhalltellina
La polenta Taragnarok

La polenta Taragnarok
La polenta Taragnarok
Orgoglio dei paioli della Valhalltellina
La polenta Taragnarok

La polenta Taragnarok

",it
62,Italian Folk Metal,5. La Mazurka Del Vecchio Che Guarda I Cantieri,"
[feat. Alessandro Conti]Mazurka del vecchio che guarda i cantieri
Mazurka del vecchio che guarda i lavor
Mazurka del vecchio che guarda i cantieri
Dei lavori in corso è il supervisor
Dei lavori in corso è il supervisor

Bretelle ben tese, in postura d'assalto
Osteoporosi, dentiera e pression
Fiuta a distanza mistura d'asfalto
Tracanna un grappino e tira un porcon
Tracanna un grappino e tira un porcon

Braccia incrociate dietro la schiena
Sorveglia austero l'allaccio del gas
Si appisola gaio guardando la scena
Casca una trave e gli squirta il bypass
Casca una trave e gli squirta il bypass

Mazurka del vecchio che guarda i cantieri
Mazurka del vecchio che guarda i lavor
Mazurka del vecchio che guarda i cantieri
Dei lavori in corso è il supervisor
Dei lavori in corso è il supervisor

L'arteriosclerosi gli dà un sesto senso
Che lo avverte quando qualcosa non va
Poi sputa stizzito il suo catarro denso
Ed entra in azione al grido di oplà
Ed entra in azione al grido di oplà

La badante Svetlana già lo attende all'uscio
Smaniosa di trovare nel suo pannolon
Tra le eiezioni, gli ovetti col guscio
Da riconsegnare al suo bieco padron
Da riconsegnare al suo bieco padron

Mazurka del vecchio che guarda i cantieri
Mazurka del vecchio che guarda i lavor
Mazurka del vecchio che guarda i cantieri
Dei lavori in corso è il supervisor
Dei lavori in corso è il supervisor

L'u-l'umarell l'u-l'umarell la la la lalala
L'u-l'umarell l'u-l'umarell la la la là
L'u-l'umarell l'u-l'umarell la la la lalala
La la la la la la la la la la
La la la la la la la la la la

Facciamo un po' luce su questa faccenda
Quando nel parco lui cadde in torpor
Gli spinsero in gola un'ovale merenda
Quei mattacchioni dei murator
Quei mattacchioni dei murator

Questa è la storia di Peppino Ariosto
Anzian raggirato senza pudor
Letteralmente violato in quel posto
Vittima di avidi spacciator
Per beffa arrestato anche dall'interpol
Ed ora in prigione dirige i lavor
E Pablo Escobar può accompagnare sol

Mazurka del vecchio che guarda i cantieri
Mazurka del vecchio che guarda i lavor
Mazurka del vecchio che guarda i cantieri
Dei lavori in corso è il supervisor
Dei lavori in corso è il supervisor
Dei lavori in corso è il supervisor
Dei lavori in corso è il supervisor

",it
63,Italian Folk Metal,4. La Marcia Su Piazza Grande,"
Maresciallo, specchio di Italianità
E di Romana civilità
Condottiero, della rete nazional
Boia chi cambia canal

L'abissino Carlo Conti
Il comitato e Paolo Fox
Per i monti e per le valli
Giuran fedeltà a Magalli

Magalli, è il nostro Duce
Magalli, è il nostro Re
Sei il faro che ci conduce
E nella notte seguiremo solo Te!

Verso l'alba, di una nuova civilità
Prima di un posto al sol
E l'Italia, finalmente ha il suo imper
Dio, Patria e Tiberio Timper

Il giorno dell'armistizio
Quando la Volpe disertò
Io non ho tradito
Sei sempre il conduttore preferito

Magalli, è il nostro Duce
Magalli, è il nostro Re
Sei il faro che ci conduce
E nella notte seguiremo solo Te!

Giancarlo Magalli ha fatto anche delle cose buone
Quando c'era lui i consigli per gli acquisti arrivavano in orario
Il suo motto è: molti telespettatori, molto onore!
E come disse Giulio Cesare: De Bello Magallico

Magalli, è il nostro Duce
Magalli, è il nostro Re
Sei il faro che ci conduce
E nella notte seguiremo solo Te!

",it
64,Italian Folk Metal,3. La Maledizione Di Capitan Findus,"
Pesca! Pana! Surgela!
Riponi nel banco frigo
Friggi! Guarnisci! Impiatta!
Sulla tavola degli italiani

Surgelante pescatore
Del merluzzo non ha pietà
Navigato filibustiere
La sua rete strascicherà

Contro la guardia costiera che sui suoi misfatti vuole indagar
In barba al divieto di pesca lui getta l'esca per depredar
Non dà scampo allo scampo ed ogni sgombro sgombrerà
In un filetto dorato lo tramuterà!

Pesca! Pana! Surgela!
Riponi nel banco frigo
Friggi! Guarnisci! Impiatta!
Sulla tavola degli italiani

Capitan Findus, contro il rancido Ass do Mark
Capitan Findus, il flagello dei sette mar
Sempre avvezzo all'avventura e alla croccante panatura
Lui è Capitan Findus
Pangrattato e libertà! Arrr!

Il flagello di ogni costa
Di eguali lui non ne ha
La sua ciurma è la più tosta
Preparata per pasturar

La sua chiglia è una conchiglia progettata per speronar
Con fragranti e deflagranti bastoncini per arrembar
Come un'onda la sua pastella Lord Riomare travolgerà
E l'Ammiraglio Bofrost se la dà a gamberi!

Pesca! Pana! Surgela!
Riponi nel banco frigo
Friggi! Guarnisci! Impiatta!
Sulla tavola degli italiani

Capitan Findus, contro il rancido Ass do Mark
Capitan Findus, il flagello dei sette mar
Sempre avvezzo all'avventura e alla croccante panatura
Lui è Capitan Findus
Pangrattato e libertà! Arrr!

Uno è il filetto di merluzzo
Uno è il filetto di merluzzo

Due sono le chele di granchio
Due sono le chele di granchio

Sette sono I sette mari
Sette sono I sette mari

160 sono I grammi di bontà in olio d'oliva!

I suoi mozzi son minorenni, ma non c'è niente da dubitar
Hanno le liberatorie, firmate da mamma e papà
C'è da dire che il capitano qualche carezza di troppo la dà
Ma non è da queste cose che si giudica un pescatore!

Capitan Findus, contro il rancido Ass do Mark
Capitan Findus, il flagello dei sette mar
Sempre avvezzo all'avventura e alla croccante panatura
Lui è Capitan Findus
Pangrattato e libertà!

Lui è Capitan Findus
Pangrattato e libertà!

",it
65,Italian Folk Metal,2. L'assedio Di Porto Cervo,"
[feat. Francesco Paoli]Che il massacro abbia inizio, Lele Mora, invoco te
Saccheggio e happy hour col generale Santanchè
Dalle portaerei Tirrenia decollino i caccia Ryanair
Estenderò su questa terra il dominio del Billionaire

Signore dei Negroni, tu ti codderai
Porto Cervo non si arrenderà mai

Cavalca il muflone, estrai dal nuraghe
La Spada della Costa Smeralda
Potenzia il muflone col lanciagranate
E annienta le armate di Lord Briathor!

Apericena con Umberto Smaila e cementificazione
Il mercenario Gabibbo guiderà la spedizione
Mille veline marceranno, con furor garibaldino
Al tuonar della fanfara di Gigi D'Agostino

Signore dei Negroni, tu ti codderai
Porto Cervo non si arrenderà mai

Cavalca il muflone, estrai dal nuraghe
La Spada della Costa Smeralda
Potenzia il muflone col lanciagranate
E annienta le armate di Lord Briathor!

Arrenditi alla legge Salva Coste
E alla Salvaguardia Paesaggistica a Tutela del Territorio
Col tuo Yacht attraccati a sa minca
Non sei altro che un bagasseri barrosu!

Impiccherò il Gabibbo e il suo tapiro d'oro
Castigo launeddaro
A Porto Cervo ha portato i privè
Sobillando il pecoraro!

Cavalca il muflone, estrai dal nuraghe
La Spada della Costa Smeralda
Correda il muflone, col lanciagranate
E annienta le armate di Lord Briathor!

Cavalca il muflone, estrai dal nuraghe
La Spada della Costa Smeralda
Dai griglia il muflone, sulla brace ardente
Che nel continente hai cacciato Briathor!

",it
66,Italian Folk Metal,1. Requiem Per Gigi Sabani In Re Minore,"
[Instrumental]
",ro
67,Dislike To False Metal,10. The Power Of Imodium,"
In the multiplex dungeon of magic projections, I suddenly felt in a rush
The dark Montezuma, blinded by vengeance, cursed me with a black mana flush
I longed for the wisdom of Pozzi Ginori, to cast out its watery spell
But the merciless tide of unholy warcream was haunting the room with its smell

I finally reached the holy pail

The Power of Imodium, will turn the hands of fate
The Power of Imodium, will seal the sacred cave
The Power of Imodium, will turn the hands of fate
The Power of Imodium, will finally lock the gate

The Ivory throne was standing before me, when demons awoke from their sleep
The hygiene gatekeepers, grabbed their blazing brooms, and furiously started to sweep
I reached for my pocket, in search for a potion, of Loperamide hydrochloride
Then lights started glowing, the hole of the inferno was ripping my guts open wide

I could not believe my eyes

The Power of Imodium, will turn the hands of fate
The Power of Imodium, will seal the sacred cave
The Power of Imodium, will turn the hands of fate
The Power of Imodium, will finally lock the gate

Quando la diarrea ti sorprende bù bù settete, bù bù settete
E la digestione si sospende acciderboli, acciderboli
Quando la diarrea ti sorprende bù bù settete, bù bù settete
Imodium! Imodium! Imodium! Imodium! Imodium! Imodium! Imodium!

I'm just a poorboy with a dihorrea bout
Cagarella Salmonella Cagarella Salmonella
Squaquerone, culo scureggione, prot!

J'ai la diarrée j'ai mal au cul!
Escerichia coli has taken over him
Mama mia (come pizzica)! Mama mia (come brucia)
Mama mia, per carità (per carità)
Escerichia coli

Montezuma dibidaliduma
Montezuma dibidalidù
Behelzebutt - behelzebutt
Please set my fragile bowels free! Vom Durchfall
Please set me free! מהשילשול
Please set me free! Od proliva
Please set me free! من الإسهال
Please set me free! De la diarée
Please set me feee! Oд поноса
Please set me free! De la cagalera
Set me free!

The Power of Imodium, will turn the hands of fate
The Power of Imodium, will seal the sacred cave
The Power of Imodium, will turn the hands of fate
The Power of Imodium, will finally lock the gate

Submits, comments, corrections are welcomed at webmaster@darklyrics.com
NANOWAR OF STEEL LYRICS
]",en
68,Dislike To False Metal,9. Protocols (Of The Elders Of Zion) Of Love,"
There's been a deep connection since our very first date
Through our microchip implanted by Bill Gates
You can feel above us, it's in the air
And it's not just condensation, it's a cumtrail from my plane!

Do you believe in the power of love? (Nibiru)
Do you believe in the power of George? (Soros)
Please tell me you ain't gonna tell me no lies, like the CNN does!

Oh baby, baby you're my NWO
This is the Protocol of the Elders of Zion of Love
Oh baby, baby you're my NWO (my NWO)
And when I see you my HAARP will go on

Wake me up when September 11 ends
With an Area 51 photo in your hands
I don't care if you're flat, like our mother Earth
The only thing I want from you is that you tell me ""I love Q""

Do you believe it was an inside job? (Thermite)
Do you believe in infowars.com? (Alex Jones)
Don't ban me if I climb on Capitol Hill, like Twitter just did!

Oh baby, baby you're my NWO
This is the Protocol of the Elders of Zion of Love
Oh baby, baby you're my NWO (my NWO)
And when I see you my HAARP will go on

But the government is spying on our incoming calls
While your 5G spot's receiving my antenna
So I'm wondering if I have to take this blue pill or not
Finally see what's behind the blue eyes... of a reptile

Oh baby, baby you're my NWO
This is the Protocol of the Elders of Zion of Love
Oh baby, baby you're my NWO (my NWO)
And when I see you my HAARP will go on

",en
69,Dislike To False Metal,8. Dimmu Boogie,"
Johnny got the blues in Tennessee
But Caitlyn trampled him with an SUV

The diggers are back in town
The diggers are back in town
Dimmu Boogie is gonna lay you down!

A thousand people gonna dance the swing with a seal
If you fall asleep at the Titanic's wheel
The whole wide world will start dancin' can can
If you eat a Ozzyburger in Wuhan
Dimmu Boogie is gonna lay you down

From Matagalpa or Hollywood
Taste the comfort of our cherry wood

The diggers are back in town
The diggers are back in town
Dimmu Boogie is gonna lay you down!

JFK and Kurt Cobain
Are singin' the ""twist and shot""
And the dancing champion Oscar P
Is gonna open fire at the Boogies beat

The diggers are back in town
The diggers are back in town
Dimmu Boogie is gonna lay you down!

Dee-dee-diggers are back in town
Dee-dee-diggers are back in town
Dee-dee-diggers are back in town
Dee-dee-diggers are back in town
Dimmu Boogie is gonna lay you down

Dee-dee-diggers are back in town
Dee-dee-diggers are back in town
Dee-dee-diggers are back in town
Dee-dee-diggers are back in town
Dimmu Boogie is gonna lay you
Dimmu Boogie is gonna lay you
Jeffrey Epstein didn't kill himself

",en
70,Dislike To False Metal,7. Metal Boomer Battalion,"
We fight, online! Unfollow, unsubscribe!
We fight, online! Unfollow, unsubscribe!

We fight, online! Unfollow, unsubscribe!
We fight, online! Unfollow, unsubscribe!
We fight, online! Unfollow, unsubscribe!
We fight, online! Unfollow, unsubscribe!
We fight, online! Unfollow, unsubscribe!
We fight, online! Unfollow, unsubscribe!
We fight, online! Unfollow, unsubscribe!
We fight, online! Unfollow, unsubscribe!
We fight, online! Unfollow, unsubscribe!

We're invincible, undefeatable
Our endurance is remarkable
We're unblockable, unignorable
Metal boomers on the net!
Riding post to post, wizards of the roast
We comment and conquer reviews and news
With our metalsplain, we ignite a flame
About Tygers Of Pan Tang!

We stand! Through permabans, strikes and shitstorms
We tweet! Until our keyboard comes!

We're the Metal Boomer Battalion
Roar through the net like a lion
We're the Metal Boomer Battalion
Fighting the World Wide Web!
We're the Metal Boomer Battalion
Roar through the net like a lion
We're the Metal Boomer Battalion
Keyboard Warriors of the world!

We fight, online! Unfollow, unsubscribe!
We fight, online! Unfollow, unsubscribe!

Baldness and headbang, lager beer in can
Sharing heavy metal kitten pics
We despise and shame, every song that came
After 1982!
Metal's our nickname, Rock our nicksurname
Got more patches than Windows 98
Every day and night, asking on Loudwire:
What does Corey Taylor think?

We're near! Feel our garlic chicken fragrance
No fear! Posting bogus Lemmy quotes

We're the Metal Boomer Battalion
Roar through the net like a lion
We're the Metal Boomer Battalion
Fighting the World Wide Web!
We're the Metal Boomer Battalion
Roar through the net like a lion
We're the Metal Boomer Battalion
Keyboard Warriors of the world!

Dislike To False Metal!
Metallica was better in 1922
Dislike To False Metal!
Metalarchives has an user friendly UI
Dislike To False Metal!
Manilla Road invented the telephone
Dislike To False Metal!
Julius Caesar was better in Live at Donnington!

We're the Metal Boomer Battalion
Roar through the net like a lion
We're the Metal Boomer Battalion
Fighting the World Wide Web!

We're the Metal Boomer Battalion
Roar through the net like a lion
We're the Metal Boomer Battalion
Fighting the World Wide Web!
We're the Metal Boomer Battalion
Roar through the net like a lion
We're the Metal Boomer Battalion
Decapitated are mad at us!

",en
71,Dislike To False Metal,6. Pasadena 1994,"
[feat. Joakim Broden]Pasadena 1994 the last fight of the heroes sent to war
Pasadena 1994, for the glory

11 soldiers marching, under the sun on fields of green
It's their last battle - death or victory!
Against the odds and all the bets, bookmakers say there is no chance
Carioca's win outnumbers two to one

And Captain Baresi, leads bravely the last line of defence (Immortal!)
While Roberto Baggio, is ready to fire on Taffarel

Pasadena 1994, the last fight of the heroes sent to war
Pasadena 1994, for the glory
Pasadena 1994, first half is over, and no score
Pasadena 1994, for the FIFA World CUP

36 degrees of fire, 70% of humidity
Castel Sant'Angelo sets a jumbo screen
Their nation stands behind them, catenaccio dignified
To defend the honour of the FIGC

Romario and Bebeto, are neutralized by the italian offside trap (Maldini!)
While General Sacchi, displaces his troups for the final stand

Pasadena 1994, the last fight of the heroes sent to war
Pasadena 1994, for the glory
Pasadena 1994, second half is over, still a draw
Pasadena 1994, for the FIFA World CUP

Baresi shots towards Japan, like a North Korean warhead
Albertini lights up the crowd, as napalm in Vietnam
Evani quickly outflanks the Maginot line of Taffarel
Massaro got pushed back like the Entente in Gallipoli
Baggio's charge collapses: it's the Italian Waterloo!

Pasadena 1994, the last fight of the heroes sent to war
Pasadena 1994, for the glory
Pasadena 1994, the battle is lost, and the hope is gone
Pasadena 1994, for the glory
Pasadena 1994, their memory lives forevermore
Pasadena 1994, for the glory
For the second place
The divine ponytail waves on!

",en
72,Dislike To False Metal,5. Chupacabra Cadabra,"
In the free state of Chiapas, in the city of San Ju-an
There was a bruja pequeña, guapa come un orangután
She was a chava melancólica, le dolía el corazón
So she brewed the Calimojo, a Maya love poción

Ahi ahi ahi ahi ahi ahi ahi ahi ahi
Un murciélago primavera se cayó en el calderón
Ahi ahi ahi ahi ahi ahi ahi ahi ahi
Se salió la calavera de un pinche demonio chingón

Ohe! El chupacabra cadabra
Is merciless y macabra, bringer of maldición
Ohe! El chupacabra cadabra
Is spiky but also glabra, you left the poor brujita
Sin amor y sin sabor

He's a perrazo malvado, his bite is brutal
Removes the olor and the worm, from the tequila and the mezcal
Por los campos el se va, disembowelando each animal
Aumentando el chupamiento de forma exponencial

Ahi ahi ahi ahi ahi ahi ahi ahi ahi
Se toma un cabroncito como si fuera un chapulín
Ahi ahi ahi ahi ahi ahi ahi ahi ahi
Nada lo puede parar, hasta hydroxychloroquine!

Ohe! El chupacabra cadabra
Is merciless y macabra, bringer of maldición
Ohe! El chupacabra cadabra
Is spiky but also glabra, you left the poor brujita
Sin amor y sin sabor

Through the desert of Chihuahua, from the Sierra of Guadalupe
Came an enmasquarado warrior, el jefe Chapo Chups

Desert of Chihuaua! Sierra of Guadalupe!
Enmasquarado Warrior! Come Chupa Chups!

Chasing the chingado perro, for the goats and libertad
Armado with a rifle and su buena voluntad

Chingado perrito! Goats and libertad!
With an AR-15! Buena voluntad!

Caminando, Navegando, Chateando! (Manzotin, Manzotin)
He found a Maya PDF enshrining an old prophecy inside a group on Telegram

But the archivo was infectado with a malware matador
Only an old geek had the license of the antivirus curador

Archivo infectado! Malware matador!
Norton antivirus! Resto in goleador!

He was Lucas Montañero, el Chamuleño hackerador
He unlocked and read the file en su old computador

Lucas Montañero! Viejo commodore!
San Ju-an Chamula! Cocacola lord!

Y leyendo, interpretando, descifrando! (Rasputin, Rasputin)
Dijo ""Bleach"", a chida Maya word of obscure significado que en inglés es ""bleach""

And so el Chapo received from the Chamulenyo hackerador
The goblet of bleach and ""Asada Quebrada""
The precolombian app to track and trace the Chupacabra
After two weeks of climb and descent across curved paths
He finally reached the Fauces del Volcán Popocatépetl
Where the Chupacabra was fly-fishing without much success
As el Chapo found the beast he screamed:
In the name of Big Farm, I'll eradicate you!
And from six feet apart he started to fire his deadly bleach droplets...
And so the battle began!

But the Chamuleño bleach was ineffective
And the Chupacabra fought back and started chupating
El Chapo's upper respiratory tract, making him choke
Desperate and hopeless was el Chapo
Until his precolombian app started to shine from a notification that said:

The FDA grants you Emergency Use Authorization of the spell
""Asada Quebrada"" 95% effective against Chupacabras

Ahi ahi ahi ahi, Asada Quebrada, the spell of Inferno
These are spike cactus' summoning words, a Mayan frightening tune

Chinga tu madre vete a la verga, puto pendejo cabrón
Me meo en tu tequila sal y limón, usted es un pinche huevón

Ahi ahi ahi AIDS, Asada Quebrada, it's a kind of magic
The Spike booster pierces the perro malvado, taking his breath away

Chinga tu puta perro cabrón, la perra que te cabró
Me cago en tus huevos, gusano chingón, eres un taco strapón
Chinga tu puta perro cabrón, la perra que te cabró
Me cago en tus huevos, gusano chingón, eres un taco strapón
Chinga tu puta perro cabrón, la perra que te cabró
Me cago en tus huevos, gusano chingón, eres un taco strapón
Chinga tu puta perro cabrón, la perra que te cabró
Me cago en tus huevos, gusano chingón, eres un taco strapón

After three shots the monster mutated and retired in his den near a lake
Researches of UNAM call him ""Chupacobra"" a harmless and endemic snake
Then came an eagle, trying to chupate him, but its taste was disgusting and shitty
In a concrete mixer she spat him and made him the pillar of Mexico city

Chapo chups became a farming class hero, a star like Vicente Fernandez
But the adverse effects of his spell turned him into a groundhog named George W. Sanchez

Sanchez! Sanchez! Sanchez! Sanchez!

El pueblo was rejoicing, inside Mexico DF
Singin' this haggadic refrain, celebrating Sanchez
If you just beat the Chupacabra, and didn't throw the bleach at him
It would have been enough, dajenu Sanchez!

Da dajenu! Da dajenu! Da dajenu, dajenu Sanchez!

If you just threw bleach at him, and you didn't say Asada Quebrada
It would have been enough, dajenu Sanchez!
If you said Asada Quebrada, and didn't make him an endemic snake
It would have been enough, dajenu Sanchez!

Da dajenu! Da dajenu! Da dajenu, dajenu Sanchez!

If you made him an endemic snake, and didn't steal Frida Kahlo's tweezers
It would have been enough, dajenu Sanchez!
If you stole Frida Kahlo's tweezers and didn't murder Lev Trotzky
Disguised as Christian de Sica's uncle, dajenu Sanchez!

Da dajenu! Da dajenu! Da dajenu, dajenu Sanchez!

If you murdered Lev Trozky, and didn't make the Mexico Open
Just for Djoković, dajenu Sanchez
Just for Djoković, you took a trip to Wuhan
To see the BSL-4 lab...

Da dajenu! Da dajenu! Da dajenu, dajenu Sanchez!
Da dajenu! Da dajenu! Da dajenu, dajenu Sanchez!

",en
73,Dislike To False Metal,4. Muscle Memories,"
Reflecting in the mirror, do you remember 50 pounds ago?
You were known as Dino Cazaurus, the virtuoso of the popcorn
After a year of the gym, with your free family membership
It was free family cause you counted for 3

Now watch yourself again
No pain, no gain
Your pecs are shining bright
Look at the mirror straight
It is not gay
And if it were, then what's the problem?

It will never end
Your thirst appeased with protein shakes
It will never change
Till muscle memories awake
Just flex and flex, flex and flex
To be a better person but only on the outside!

You'd win at arm wrestling with your friends, if only you had still friends
You'd lift your girlfriend 10 feet high, if only you had a girlfriend
You lost your car, your home, your job, in alphabetical order
You gained a 10% discount, on prozis.com

Fibers will recompose
Now strike the pose
Staying 'til the end
But janitors have to close
You're the last one
They yell at you ""please go back home""

It will never end
Your thirst appeased with protein shakes
It will never change
Till muscle memories awake
Just flex and flex, flex and flex
Flex and flex, flex and flex

What have you done, putting inside you trenbolone
Stanozolol inside your veins now
You're on steroids, biceps are huge like asteroids
But this is also gonna increase your level of the estrogen

Look at yourself again, a gorgeous case of gynecomastia
Drinking your hormones blend, with your bothfriend
Zhe's lovely and zher name's Fernand@

It will never end
Your thirst appeased with protein shakes
It will never change
Till muscle memories awake
Just flex and flex, flex and flex
To be a better man but only on the outside
(Are you assuming my gender?)
To be a better woman but only on the outside
(You're just a transphobic TERF!)
To be a better mammal but only on the outside

",en
74,Dislike To False Metal,3. Disco Metal,"
Disco metal
Dancing in the moonlight
Dancing in the shadows
Metal in da house

Brothers, we are ready to fight
Gather together for the synth and the might
Sign of the strobelight, be our guide
To lead us on Saturday night

We fight for a techno that is voodoo
For a cult of the damned that is true
For a disco inferno without the queue
Where gates of hell are open for you

Wave your hands from the grave
At the beat of the rave
Sabbath woofer is pumping tonight

Zombies party until dawn
Zumba corpses respawn
In the, the dance of the undead

Disco metal
Dancing in the moonlight
Dancing in the shadows
Metal in da house
[x5]

Dresscode will be checked at the door
Reek of putrefaction and guts sweeping the floor
If your name is listed in the Necronomicon
You get a drink and burial coupon

Code word is ""klaatu barada nikto""
For a horny cacodemon and a Doom Perignon
If you float down the stormdrain gory hole
There's Pennywise sucking your bowels

Sell your soul to the dealer
Be a part of the fever
Until LSDemons arise
And now Follow the Reaper
Witch-hike for some beaver, coz
Dead girls cannot say no!

Disco metal
Dancing in the moonlight
Dancing in the shadows
Metal in da house
[x4]

Quel savio gentil, che tutto seppe
Disse per confortarmi: non ti noccia
La tua paura ché, poder ch'elli abbia
Non ci torrà lo scender questa roccia
Ma cominciò Pluto con voce chioccia:

Pape pape pape satan aleppe
Pape pape pape satan aleppe
Pape pape pape satan aleppe
Pape pape pape satan aleppe

This is the ritual of the night, the night
(Be be be be belzebub, be be belzebub)
This is the ritual of the night, the night
(Be be be be belzebub, be be belzebub)

What is morgue?
Dance with the zombies, the zombies, 'til dawn (This is the ritual of the night, the night)
What is morgue? (Be be be be belzebub)
Dance with the zombies, the zombies, 'til dawn (This is the ritual of the night, the night)
(Be be belzebub)
What is morgue?
Dance with the zombies, the zombies, 'til dawn (This is the ritual of the night, the night)
(Rhythmic necromancer, it's a soul companion, you can feel it everywhere)
What is morgue? (Be be be be belzebub)
(Rhythmic necromancer, it's a soul companion, you can feel it everywhere)
Dance with the zombies, the zombies, 'til dawn (This is the ritual of the night, the night)
(Be be belzebub)

Disco metal
Dancing in the moonlight
Dancing in the shadows
Metal in da house
[x5]

",en
75,Dislike To False Metal,2. Winterstorm In The Night,"
[feat. Madeleine Liljestam]Winter snow dancing in the darkness
White flakes whirl like will-o-the-wisps
There you are, shrugging in the moonlight
Magic dust in a reverie

Dandruff falling
Parmesan of the Gods
Dandruff falling, around

Unholy dandruff snowing in the air
Unholy dandruff dropping from my hair
Unholy dandruff pollinate my chair
Tears of the scalp

Your head is like Madonna di Campiglio
You should look for a stable fix
Active zinc, a gentle cleansing formula
The panacea of your scalp hygene

Dandruff falling
Twilight of the Pandoro
Paluani, è natal

Unholy dandruff snowing in the air
Unholy dandruff dropping from my hair
Unholy dandruff pollinate my chair
Tears of the scalp

My exocrine glands are crying the tears of an angel (Angel)
A selenium sulfide shampoo will redeem your bulbs
Winter won't come anymore

Unholy dandruff snowing in the air
Unholy dandruff dropping from my hair
Unholy dandruff pollinate my chair
Tears of the scalp

Unholy dandruff snowing in the air
Unholy dandruff dropping from my hair
Unholy dandruff pollinate my chair
Tears of the scalp
Tears of the scalp
Winter won't come anymore

",en
76,Dislike To False Metal,1. Sober,"
Sip! Sip! Sip!
Sip! Sip! Sip!
Sip! Sip! Sip!
Mineral water

Sail all day, through the storm and thunder
To fill our chests with bitcoin and gold
Drink all night, in the after-plunder
Our thirst for thirst will never grow old
Fight all day, those who won't surrender
Will face the wrap of our cannon bowl
Party all night, throw your greens in the blender
Squeeze your juice at the captain's call

A pirate's real treasure is health
'Cause we are

Sober! Pirates of milkshake
Old buccaneers of masala chai
Sober! Skulls without headache
Gonna be sober until we die!
Sober! Pirates of milkshake
Old buccaneers of masala chai
Sober! Skulls without headache
Gonna be sober until we die!

An apple a day keeps the doctor away
So we chew iPhones while we chase our prey
We'll enslave your crew and put them on their knees
And stay fit to prevent cardiovascolar disease
In a Pilates ship you can't do as you please
We're the personal trainers of the seven seas
Our cannon's loaded with a kettlebell
So do the plank or walk the plank!

A pirate ship driver must pass the alcohol test
That's why we are...

Sober! Pirates of milkshake
Old buccaneers of masala chai
Sober! Skulls without headache
Gonna be sober until we die!
Sober! Pirates of milkshake
Old buccaneers of masala chai
Sober! Skulls without headache
Gonna be sober until we die!

Yo-ho-ho for the ginger tea (ginger tea, ginger tea)
Yo-ho-ho for the ginger tea (and we're sober 'til we die)
Yo-ho-ho for pineapple juice (pineapple juice, pineapple juice)
Yo-ho-ho for pineapple juice (and we're sober 'til we die)

Liver's a pirate's best friend
'Cause we are
'Cause we are
'Cause we are

Sober! Pirates of milkshake
Old buccaneers of masala chai
Sober! Skulls without headache
Gonna be sober until we die!
Sober! Pirates of milkshake
Old buccaneers of masala chai
Sober! Skulls without headache
Gonna be sober until we die!
Gonna be sober until we die!
Gonna be sober until we fuckin' die!

",en
